TE_Name;TA_Name;Tour
Sinner J.;Jannik Sinner;ATP
Alcaraz C.;Carlos Alcaraz;ATP
Zverev A.;Alexander Zverev;ATP
Djokovic N.;Novak Djokovic;ATP
Fils A.;Arthur Fils;ATP
Jodar R.;Rafael Jodar;ATP
Ruud C.;Casper Ruud;ATP
Medvedev D.;Daniil Medvedev;ATP
Musetti L.;Lorenzo Musetti;ATP
De Minaur A.;Alex De Minaur;ATP
Minaur A.;Alex De Minaur;ATP
Shelton B.;Ben Shelton;ATP
Aliassime F.;Felix Auger Aliassime;ATP
Auger Aliassime F.;Felix Auger Aliassime;ATP
Paul T.;Tommy Paul;ATP
Tien L.;Learner Tien;ATP
Mensik J.;Jakub Mensik;ATP
Cerundolo F.;Francisco Cerundolo;ATP
Fonseca J.;Joao Fonseca;ATP
Lehecka J.;Jiri Lehecka;ATP
Tiafoe F.;Frances Tiafoe;ATP
Collignon R.;Raphael Collignon;ATP
Fritz T.;Taylor Fritz;ATP
Blockx A.;Alexander Blockx;ATP
Vacherot V.;Valentin Vacherot;ATP
Rublev A.;Andrey Rublev;ATP
Cobolli F.;Flavio Cobolli;ATP
Bublik A.;Alexander Bublik;ATP
Machac T.;Tomas Machac;ATP
Davidovich Fokina A.;Alejandro Davidovich Fokina;ATP
Fokina A.;Alejandro Davidovich Fokina;ATP
Humbert U.;Ugo Humbert;ATP
Tsitsipas S.;Stefanos Tsitsipas;ATP
Prizmic D.;Dino Prizmic;ATP
Arnaldi M.;Matteo Arnaldi;ATP
Medjedovic H.;Hamad Medjedovic;ATP
Navone M.;Mariano Navone;ATP
Darderi L.;Luciano Darderi;ATP
Nakashima B.;Brandon Nakashima;ATP
Tabilo A.;Alejandro Tabilo;ATP
Berrettini M.;Matteo Berrettini;ATP
Norrie C.;Cameron Norrie;ATP
Khachanov K.;Karen Khachanov;ATP
Etcheverry T.;Tomas Martin Etcheverry;ATP
Martin Etcheverry T.;Tomas Martin Etcheverry;ATP
Buse I.;Ignacio Buse;ATP
Michelsen A.;Alex Michelsen;ATP
Korda S.;Sebastian Korda;ATP
Draper J.;Jack Draper;ATP
Monfils G.;Gael Monfils;ATP
Majchrzak K.;Kamil Majchrzak;ATP
Busta P.;Pablo Carreno Busta;ATP
Carreno Busta P.;Pablo Carreno Busta;ATP
Cilic M.;Marin Cilic;ATP
Hurkacz H.;Hubert Hurkacz;ATP
Spizzirri E.;Eliot Spizzirri;ATP
Cazaux A.;Arthur Cazaux;ATP
Griekspoor T.;Tallon Griekspoor;ATP
Hanfmann Y.;Yannick Hanfmann;ATP
Rinderknech A.;Arthur Rinderknech;ATP
Cerundolo J.;Juan Manuel Cerundolo;ATP
Manuel Cerundolo J.;Juan Manuel Cerundolo;ATP
Munar J.;Jaume Munar;ATP
Quinn E.;Ethan Quinn;ATP
Thompson J.;Jordan Thompson;ATP
Shapovalov D.;Denis Shapovalov;ATP
Kecmanovic M.;Miomir Kecmanovic;ATP
Wu Y.;Yibing Wu;ATP
Moutet C.;Corentin Moutet;ATP
Molcan A.;Alex Molcan;ATP
Baez S.;Sebastian Baez;ATP
Carabelli C.;Camilo Ugo Carabelli;ATP
Ugo Carabelli C.;Camilo Ugo Carabelli;ATP
Rune H.;Holger Rune;ATP
Fucsovics M.;Marton Fucsovics;ATP
Daniel Vallejo A.;Adolfo Daniel Vallejo;ATP
Vallejo A.;Adolfo Daniel Vallejo;ATP
Popyrin A.;Alexei Popyrin;ATP
Dimitrov G.;Grigor Dimitrov;ATP
Marozsan F.;Fabian Marozsan;ATP
Bonzi B.;Benjamin Bonzi;ATP
Opelka R.;Reilly Opelka;ATP
Agustin Tirante T.;Thiago Agustin Tirante;ATP
Tirante T.;Thiago Agustin Tirante;ATP
Bergs Z.;Zizou Bergs;ATP
Hijikata R.;Rinky Hijikata;ATP
Shang J.;Juncheng Shang;ATP
Borges N.;Nuno Borges;ATP
Kwon S.;Soon Woo Kwon;ATP
Woo Kwon S.;Soon Woo Kwon;ATP
De Zandschulp B.;Botic Van De Zandschulp;ATP
Van De Zandschulp B.;Botic Van De Zandschulp;ATP
Zandschulp B.;Botic Van De Zandschulp;ATP
Landaluce M.;Martin Landaluce;ATP
Aguilar D.;Daniel Merida Aguilar;ATP
Merida Aguilar D.;Daniel Merida Aguilar;ATP
Mpetshi Perricard G.;Giovanni Mpetshi Perricard;ATP
Perricard G.;Giovanni Mpetshi Perricard;ATP
Altmaier D.;Daniel Altmaier;ATP
Giron M.;Marcos Giron;ATP
Llamas Ruiz P.;Pablo Llamas Ruiz;ATP
Ruiz P.;Pablo Llamas Ruiz;ATP
Safiullin R.;Roman Safiullin;ATP
Svajda Z.;Zachary Svajda;ATP
Bellucci M.;Mattia Bellucci;ATP
Kopriva V.;Vit Kopriva;ATP
Andres Burruchaga R.;Roman Andres Burruchaga;ATP
Burruchaga R.;Roman Andres Burruchaga;ATP
Fery A.;Arthur Fery;ATP
Yunchaokete B.;Bu Yunchaokete;ATP
Basavareddy N.;Nishesh Basavareddy;ATP
Damm M.;Martin Damm;ATP
Virtanen O.;Otto Virtanen;ATP
Atmane T.;Terence Atmane;ATP
Droguet T.;Titouan Droguet;ATP
Halys Q.;Quentin Halys;ATP
Sonego L.;Lorenzo Sonego;ATP
Nishikori K.;Kei Nishikori;ATP
Ofner S.;Sebastian Ofner;ATP
De Jong J.;Jesper De Jong;ATP
Jong J.;Jesper De Jong;ATP
Djere L.;Laslo Djere;ATP
Heide G.;Gustavo Heide;ATP
Assche L.;Luca Van Assche;ATP
Van Assche L.;Luca Van Assche;ATP
Agut R.;Roberto Bautista Agut;ATP
Bautista Agut R.;Roberto Bautista Agut;ATP
Nava E.;Emilio Nava;ATP
Faria J.;Jaime Faria;ATP
Comesana F.;Francisco Comesana;ATP
Riedi L.;Leandro Riedi;ATP
Diallo G.;Gabriel Diallo;ATP
Walton A.;Adam Walton;ATP
Lennard Struff J.;Jan Lennard Struff;ATP
Struff J.;Jan Lennard Struff;ATP
Brooksby J.;Jenson Brooksby;ATP
Shevchenko A.;Alexander Shevchenko;ATP
Nishioka Y.;Yoshihito Nishioka;ATP
Vavassori A.;Andrea Vavassori;ATP
Basilashvili N.;Nikoloz Basilashvili;ATP
Kubler J.;Jason Kubler;ATP
Oconnell C.;Christopher Oconnell;ATP
Gojo B.;Borna Gojo;ATP
Zhang Z.;Zhizhen Zhang;ATP
Shimabukuro S.;Sho Shimabukuro;ATP
Mannarino A.;Adrian Mannarino;ATP
Wawrinka S.;Stan Wawrinka;ATP
Piros Z.;Zsombor Piros;ATP
Rocha H.;Henrique Rocha;ATP
Harris L.;Lloyd Harris;ATP
Garin C.;Cristian Garin;ATP
Goffin D.;David Goffin;ATP
Muller A.;Alexandre Muller;ATP
Jacquet K.;Kyrian Jacquet;ATP
Acosta F.;Facundo Diaz Acosta;ATP
Diaz Acosta F.;Facundo Diaz Acosta;ATP
Samuel T.;Toby Samuel;ATP
Royer V.;Valentin Royer;ATP
Jarry N.;Nicolas Jarry;ATP
Svrcina D.;Dalibor Svrcina;ATP
Pellegrino A.;Andrea Pellegrino;ATP
Zheng M.;Michael Zheng;ATP
Kovacevic A.;Aleksandar Kovacevic;ATP
Trungelliti M.;Marco Trungelliti;ATP
Kypson P.;Patrick Kypson;ATP
Duckworth J.;James Duckworth;ATP
Sakellaridis S.;Stefanos Sakellaridis;ATP
Rodesch C.;Chris Rodesch;ATP
Choinski J.;Jan Choinski;ATP
Budkov Kjaer N.;Nicolai Budkov Kjaer;ATP
Kjaer N.;Nicolai Budkov Kjaer;ATP
Sakamoto R.;Rei Sakamoto;ATP
Lajovic D.;Dusan Lajovic;ATP
Moller E.;Elmer Moller;ATP
Baena R.;Roberto Carballes Baena;ATP
Carballes Baena R.;Roberto Carballes Baena;ATP
Dzumhur D.;Damir Dzumhur;ATP
Vukic A.;Aleksandar Vukic;ATP
Zeppieri G.;Giulio Zeppieri;ATP
Gaston H.;Hugo Gaston;ATP
Barrios Vera T.;Tomas Barrios Vera;ATP
Vera T.;Tomas Barrios Vera;ATP
Dellien H.;Hugo Dellien;ATP
Mikrut L.;Luka Mikrut;ATP
Mcdonald M.;Mackenzie Mcdonald;ATP
Feldbausch K.;Kilian Feldbausch;ATP
Kym J.;Jerome Kym;ATP
Mmoh M.;Michael Mmoh;ATP
Suresh D.;Dhakshineswar Suresh;ATP
Taberner C.;Carlos Taberner;ATP
Neumayer L.;Lukas Neumayer;ATP
Passaro F.;Francesco Passaro;ATP
Ruusuvuori E.;Emil Ruusuvuori;ATP
Wong C.;Coleman Wong;ATP
Rodionov J.;Jurij Rodionov;ATP
Evans D.;Daniel Evans;ATP
Tabur C.;Clement Tabur;ATP
Broady L.;Liam Broady;ATP
Klein L.;Lukas Klein;ATP
Fearnley J.;Jacob Fearnley;ATP
Lajal M.;Mark Lajal;ATP
Bolt A.;Alex Bolt;ATP
Gea A.;Arthur Gea;ATP
Kotov P.;Pavel Kotov;ATP
Wendelken H.;Harry Wendelken;ATP
Gigante M.;Matteo Gigante;ATP
Herbert P.;Pierre Hugues Herbert;ATP
Hugues Herbert P.;Pierre Hugues Herbert;ATP
Bagnis F.;Facundo Bagnis;ATP
Draxl L.;Liam Draxl;ATP
Galarneau A.;Alexis Galarneau;ATP
Misolic F.;Filip Misolic;ATP
Nardi L.;Luca Nardi;ATP
Alcala Gurri M.;Max Alcala Gurri;ATP
Gurri M.;Max Alcala Gurri;ATP
Sachko V.;Vitaliy Sachko;ATP
Cina F.;Federico Cina;ATP
Mayot H.;Harold Mayot;ATP
Kennedy J.;Jack Kennedy;ATP
Smith C.;Colton Smith;ATP
Bertola R.;Remy Bertola;ATP
Travaglia S.;Stefano Travaglia;ATP
Schwaerzler J.;Joel Schwaerzler;ATP
Gaubas V.;Vilius Gaubas;ATP
Barton H.;Hynek Barton;ATP
Kouame M.;Moise Kouame;ATP
Monteiro T.;Thiago Monteiro;ATP
Daniel T.;Taro Daniel;ATP
Cecchinato M.;Marco Cecchinato;ATP
Martinez P.;Pedro Martinez;ATP
Onclin G.;Gauthier Onclin;ATP
Hsin Tseng C.;Chun Hsin Tseng;ATP
Tseng C.;Chun Hsin Tseng;ATP
Boyer T.;Tristan Boyer;ATP
Izquierdo N.;Nikolas Sanchez Izquierdo;ATP
Sanchez Izquierdo N.;Nikolas Sanchez Izquierdo;ATP
Martin Tiffon P.;Pol Martin Tiffon;ATP
Tiffon P.;Pol Martin Tiffon;ATP
Jones J.;Jack Pinnington Jones;ATP
Pinnington Jones J.;Jack Pinnington Jones;ATP
Gadamauri B.;Buvaysar Gadamauri;ATP
Kukushkin M.;Mikhail Kukushkin;ATP
Marcel Stebe C.;Cedrik Marcel Stebe;ATP
Stebe C.;Cedrik Marcel Stebe;ATP
Grenier H.;Hugo Grenier;ATP
Ymer E.;Elias Ymer;ATP
Skatov T.;Timofey Skatov;ATP
Watanuki Y.;Yosuke Watanuki;ATP
Coppejans K.;Kimmer Coppejans;ATP
Blanch D.;Darwin Blanch;ATP
Holmgren A.;August Holmgren;ATP
Schoolkate T.;Tristan Schoolkate;ATP
Noguchi R.;Rio Noguchi;ATP
Mccabe J.;James Mccabe;ATP
Guerrieri A.;Andrea Guerrieri;ATP
Coria F.;Federico Coria;ATP
Jorda Sanchis D.;David Jorda Sanchis;ATP
Sanchis D.;David Jorda Sanchis;ATP
Butvilas E.;Edas Butvilas;ATP
Ilagan A.;Andre Ilagan;ATP
Napolitano S.;Stefano Napolitano;ATP
Searle H.;Henry Searle;ATP
Ivashka I.;Ilya Ivashka;ATP
Midon L.;Lautaro Midon;ATP
Holt B.;Brandon Holt;ATP
Mrva M.;Maxim Mrva;ATP
Maestrelli F.;Francesco Maestrelli;ATP
Stricker D.;Dominic Stricker;ATP
Vasami J.;Jacopo Vasami;ATP
Elahi Galan D.;Daniel Elahi Galan;ATP
Galan D.;Daniel Elahi Galan;ATP
Gentzsch T.;Tom Gentzsch;ATP
Ritschard A.;Alexander Ritschard;ATP
Cadenasso G.;Gianluca Cadenasso;ATP
Chidekh C.;Clement Chidekh;ATP
Mendez R.;Rodrigo Pacheco Mendez;ATP
Pacheco Mendez R.;Rodrigo Pacheco Mendez;ATP
Brunclik P.;Petr Brunclik;ATP
Canas A.;Alejandro Moro Canas;ATP
Moro Canas A.;Alejandro Moro Canas;ATP
Eubanks C.;Christopher Eubanks;ATP
Rincon D.;Daniel Rincon;ATP
Andrade A.;Andres Andrade;ATP
Marcondes I.;Igor Ribeiro Marcondes;ATP
Ribeiro Marcondes I.;Igor Ribeiro Marcondes;ATP
Romano F.;Filippo Romano;ATP
Blanchet U.;Ugo Blanchet;ATP
Harris B.;Billy Harris;ATP
Dedura Palomero D.;Diego Dedura Palomero;ATP
Palomero D.;Diego Dedura Palomero;ATP
Angelo J.;Juan Carlos Prado Angelo;ATP
Carlos Prado Angelo J.;Juan Carlos Prado Angelo;ATP
Prado Angelo J.;Juan Carlos Prado Angelo;ATP
Squire H.;Henri Squire;ATP
Andrea Huesler M.;Marc Andrea Huesler;ATP
Huesler M.;Marc Andrea Huesler;ATP
Schoenhaus M.;Max Schoenhaus;ATP
Alberto Olivieri G.;Genaro Alberto Olivieri;ATP
Olivieri G.;Genaro Alberto Olivieri;ATP
Bouquier A.;Arthur Bouquier;ATP
Sun F.;Fajing Sun;ATP
De La Torre I.;Inaki Montes De La Torre;ATP
La Torre I.;Inaki Montes De La Torre;ATP
Montes De La Torre I.;Inaki Montes De La Torre;ATP
Torre I.;Inaki Montes De La Torre;ATP
Henning P.;Philip Henning;ATP
Dylan Hara Friend J.;Jay Dylan Hara Friend;ATP
Friend J.;Jay Dylan Hara Friend;ATP
Hara Friend J.;Jay Dylan Hara Friend;ATP
Stewart H.;Hamish Stewart;ATP
Simakin I.;Ilia Simakin;ATP
Den Ouden G.;Guy Den Ouden;ATP
Ouden G.;Guy Den Ouden;ATP
Hsiou Hsu Y.;Yu Hsiou Hsu;ATP
Hsu Y.;Yu Hsiou Hsu;ATP
Kolar Z.;Zdenek Kolar;ATP
Cretu C.;Cezar Cretu;ATP
Hussey G.;Giles Hussey;ATP
Poljicak M.;Mili Poljicak;ATP
Roncadelli F.;Franco Roncadelli;ATP
Brancaccio R.;Raul Brancaccio;ATP
Nedic A.;Andrej Nedic;ATP
Seyboth Wild T.;Thiago Seyboth Wild;ATP
Wild T.;Thiago Seyboth Wild;ATP
Gill F.;Felix Gill;ATP
Tarvet O.;Oliver Tarvet;ATP
Arnaud Bailly G.;Gilles Arnaud Bailly;ATP
Bailly G.;Gilles Arnaud Bailly;ATP
Chung H.;Hyeon Chung;ATP
Tu L.;Li Tu;ATP
Fatic N.;Nerman Fatic;ATP
Dostanic S.;Stefan Dostanic;ATP
Mochizuki S.;Shintaro Mochizuki;ATP
Glinka D.;Daniil Glinka;ATP
Nagal S.;Sumit Nagal;ATP
Svajda T.;Trevor Svajda;ATP
Ghibaudo A.;Antoine Ghibaudo;ATP
Mejia N.;Nicolas Mejia;ATP
Hardt N.;Nick Hardt;ATP
Da Silva J.;Joao Lucas Reis Da Silva;ATP
Lucas Reis Da Silva J.;Joao Lucas Reis Da Silva;ATP
Reis Da Silva J.;Joao Lucas Reis Da Silva;ATP
Silva J.;Joao Lucas Reis Da Silva;ATP
Ferreira Silva F.;Frederico Ferreira Silva;ATP
Silva F.;Frederico Ferreira Silva;ATP
Dalla Valle E.;Enrico Dalla Valle;ATP
Valle E.;Enrico Dalla Valle;ATP
Sweeny D.;Dane Sweeny;ATP
Alves F.;Felipe Meligeni Alves;ATP
Meligeni Alves F.;Felipe Meligeni Alves;ATP
Houkes M.;Max Houkes;ATP
Hans Rehberg M.;Max Hans Rehberg;ATP
Rehberg M.;Max Hans Rehberg;ATP
Tomic B.;Bernard Tomic;ATP
Bueno G.;Gonzalo Bueno;ATP
Gombos N.;Norbert Gombos;ATP
Zhou Y.;Yi Zhou;ATP
Martin A.;Andrej Martin;ATP
Boscardin Dias P.;Pedro Boscardin Dias;ATP
Dias P.;Pedro Boscardin Dias;ATP
Ajdukovic D.;Duje Ajdukovic;ATP
Brunold M.;Mika Brunold;ATP
Rottgering M.;Mees Rottgering;ATP
Batalla O.;Oriol Roca Batalla;ATP
Roca Batalla O.;Oriol Roca Batalla;ATP
Vasilev A.;Alexander Vasilev;ATP
Agamenone F.;Franco Agamenone;ATP
Uchiyama Y.;Yasutaka Uchiyama;ATP
Krueger M.;Mitchell Krueger;ATP
Albot R.;Radu Albot;ATP
Clarke J.;Jay Clarke;ATP
Topo M.;Marko Topo;ATP
Negritu C.;Christoph Negritu;ATP
Barranco Cosano J.;Javier Barranco Cosano;ATP
Cosano J.;Javier Barranco Cosano;ATP
Dodig M.;Matej Dodig;ATP
Zhukayev B.;Beibit Zhukayev;ATP
Lokoli L.;Laurent Lokoli;ATP
Rosenkranz M.;Mats Rosenkranz;ATP
Paulson A.;Andrew Paulson;ATP
Balshaw F.;Felix Balshaw;ATP
Loffhagen G.;George Loffhagen;ATP
Guillen Meza A.;Alvaro Guillen Meza;ATP
Meza A.;Alvaro Guillen Meza;ATP
Hassan B.;Benjamin Hassan;ATP
Hemery C.;Calvin Hemery;ATP
Coulibaly E.;Eliakim Coulibaly;ATP
Crawford O.;Oliver Crawford;ATP
Kuzmanov D.;Dimitar Kuzmanov;ATP
Shimizu Y.;Yuta Shimizu;ATP
Martinez A.;Alex Martinez;ATP
Ivan Justo G.;Guido Ivan Justo;ATP
Justo G.;Guido Ivan Justo;ATP
Monday J.;Johannus Monday;ATP
Soto M.;Matias Soto;ATP
Pavlovic L.;Luka Pavlovic;ATP
Peniston R.;Ryan Peniston;ATP
Pablo Varillas J.;Juan Pablo Varillas;ATP
Varillas J.;Juan Pablo Varillas;ATP
Marmousez L.;Lilian Marmousez;ATP
Krumich M.;Martin Krumich;ATP
Dhamne M.;Manas Dhamne;ATP
Escoffier A.;Antoine Escoffier;ATP
Fomin S.;Sergey Fomin;ATP
Bar Biryukov P.;Petr Bar Biryukov;ATP
Biryukov P.;Petr Bar Biryukov;ATP
Polmans M.;Marc Polmans;ATP
Winter E.;Edward Winter;ATP
Agustin Gomez F.;Federico Agustin Gomez;ATP
Gomez F.;Federico Agustin Gomez;ATP
La Serna J.;Juan Manuel La Serna;ATP
Manuel La Serna J.;Juan Manuel La Serna;ATP
Serna J.;Juan Manuel La Serna;ATP
Gakhov I.;Ivan Gakhov;ATP
Kozlov S.;Stefan Kozlov;ATP
Echargui M.;Moez Echargui;ATP
Donski A.;Alexander Donski;ATP
Broom C.;Charles Broom;ATP
Mena F.;Facundo Mena;ATP
Collarini A.;Andrea Collarini;ATP
Added D.;Dan Added;ATP
Jubb P.;Paul Jubb;ATP
Sharipov M.;Marat Sharipov;ATP
Giustino L.;Lorenzo Giustino;ATP
Ribecai M.;Michele Ribecai;ATP
Ficovich J.;Juan Pablo Ficovich;ATP
Pablo Ficovich J.;Juan Pablo Ficovich;ATP
Smith K.;Keegan Smith;ATP
Jung J.;Jason Jung;ATP
Damas M.;Miguel Damas;ATP
Michalski D.;Daniel Michalski;ATP
Ellis B.;Blake Ellis;ATP
Martineau M.;Matteo Martineau;ATP
Vatutin A.;Alexey Vatutin;ATP
Gueymard Wayenburg S.;Sascha Gueymard Wayenburg;ATP
Wayenburg S.;Sascha Gueymard Wayenburg;ATP
Cassone M.;Murphy Cassone;ATP
Ambrogi L.;Luciano Emanuel Ambrogi;ATP
Emanuel Ambrogi L.;Luciano Emanuel Ambrogi;ATP
Trotter J.;James Trotter;ATP
Masur D.;Daniel Masur;ATP
Miralles B.;Bernabe Zapata Miralles;ATP
Zapata Miralles B.;Bernabe Zapata Miralles;ATP
Habib H.;Hady Habib;ATP
Engel J.;Justin Engel;ATP
Alexander Rodriguez Rodriguez J.;Johan Alexander Rodriguez Rodriguez;ATP
Rodriguez J.;Johan Alexander Rodriguez Rodriguez;ATP
Rodriguez Rodriguez J.;Johan Alexander Rodriguez Rodriguez;ATP
Gengel M.;Marek Gengel;ATP
Bax F.;Florent Bax;ATP
Colson T.;Tibo Colson;ATP
Shelbayh A.;Abedallah Shelbayh;ATP
Blancaneaux G.;Geoffrey Blancaneaux;ATP
Lin Wu T.;Tung Lin Wu;ATP
Wu T.;Tung Lin Wu;ATP
Visker N.;Niels Visker;ATP
Almeida M.;Matheus Pucinelli De Almeida;ATP
De Almeida M.;Matheus Pucinelli De Almeida;ATP
Pucinelli De Almeida M.;Matheus Pucinelli De Almeida;ATP
Geerts M.;Michael Geerts;ATP
Kasnikowski M.;Maks Kasnikowski;ATP
Forti F.;Francesco Forti;ATP
Moeller M.;Marvin Moeller;ATP
Casanova H.;Hernan Casanova;ATP
Yevseyev D.;Denis Yevseyev;ATP
Bondioli F.;Federico Bondioli;ATP
Prihodko O.;Oleg Prihodko;ATP
Karol M.;Milos Karol;ATP
Gray A.;Alastair Gray;ATP
Sekulic P.;Philip Sekulic;ATP
Paul J.;Jakub Paul;ATP
Cristian Jianu F.;Filip Cristian Jianu;ATP
Jianu F.;Filip Cristian Jianu;ATP
Forejtek J.;Jonas Forejtek;ATP
Molleker R.;Rudolf Molleker;ATP
Popko D.;Dmitry Popko;ATP
Barrena A.;Alex Barrena;ATP
Erhard M.;Mathys Erhard;ATP
Shick B.;Braden Shick;ATP
Banerjee S.;Samir Banerjee;ATP
Kicker N.;Nicolas Kicker;ATP
Cui J.;Jie Cui;ATP
Vandecasteele Q.;Quinn Vandecasteele;ATP
Mayo A.;Aidan Mayo;ATP
Sultanov K.;Khumoun Sultanov;ATP
Alejandro Dellien Velasco M.;Murkel Alejandro Dellien Velasco;ATP
Dellien Velasco M.;Murkel Alejandro Dellien Velasco;ATP
Velasco M.;Murkel Alejandro Dellien Velasco;ATP
Bautista Torres J.;Juan Bautista Torres;ATP
Torres J.;Juan Bautista Torres;ATP
Paris T.;Tom Paris;ATP
Ribeiro E.;Eduardo Ribeiro;ATP
Santillan A.;Akira Santillan;ATP
Ratti L.;Lucio Ratti;ATP
Perez A.;Alfredo Perez;ATP
Bernet H.;Henry Bernet;ATP
Milic O.;Ognjen Milic;ATP
Zink T.;Tyler Zink;ATP
Adrian Boitan G.;Gabi Adrian Boitan;ATP
Boitan G.;Gabi Adrian Boitan;ATP
Palosi S.;Stefan Palosi;ATP
Del Pino C.;Conner Huertas Del Pino;ATP
Huertas Del Pino C.;Conner Huertas Del Pino;ATP
Pino C.;Conner Huertas Del Pino;ATP
Matsuoka H.;Hayato Matsuoka;ATP
Uchida K.;Kaichi Uchida;ATP
Jover C.;Carlos Sanchez Jover;ATP
Sanchez Jover C.;Carlos Sanchez Jover;ATP
Alkaya M.;Mert Alkaya;ATP
Faurel T.;Thomas Faurel;ATP
Vasa E.;Eero Vasa;ATP
Alvarez Varona N.;Nicolas Alvarez Varona;ATP
Varona N.;Nicolas Alvarez Varona;ATP
Moriya H.;Hiroki Moriya;ATP
Potenza L.;Luca Potenza;ATP
Boulais J.;Justin Boulais;ATP
Rybakov A.;Alex Rybakov;ATP
Milavsky D.;Daniel Milavsky;ATP
Jones M.;Maximus Jones;ATP
Binda A.;Alexandr Binda;ATP
Sach T.;Tai Sach;ATP
Kingsley C.;Cannon Kingsley;ATP
Tobon M.;Miguel Tobon;ATP
Callejon Hernando S.;Sergio Callejon Hernando;ATP
Hernando S.;Sergio Callejon Hernando;ATP
Kopp S.;Sandro Kopp;ATP
Pieczkowski O.;Olaf Pieczkowski;ATP
Xilas I.;Ioannis Xilas;ATP
Malige M.;Mae Malige;ATP
Johns G.;Garrett Johns;ATP
Aboian V.;Valerio Aboian;ATP
Durasovic V.;Viktor Durasovic;ATP
Zahraj P.;Patrick Zahraj;ATP
Fa Rodriguez Taverna S.;Santiago Fa Rodriguez Taverna;ATP
Rodriguez Taverna S.;Santiago Fa Rodriguez Taverna;ATP
Taverna S.;Santiago Fa Rodriguez Taverna;ATP
Denolly C.;Corentin Denolly;ATP
Watt J.;James Watt;ATP
Compagnucci T.;Tommaso Compagnucci;ATP
Bertrand R.;Robin Bertrand;ATP
Arnaboldi F.;Federico Arnaboldi;ATP
Estevez J.;Juan Estevez;ATP
Imamura M.;Masamichi Imamura;ATP
Bennani K.;Karim Bennani;ATP
Berrettini J.;Jacopo Berrettini;ATP
Alafia Damina Ayeni O.;Olukayode Alafia Damina Ayeni;ATP
Ayeni O.;Olukayode Alafia Damina Ayeni;ATP
Damina Ayeni O.;Olukayode Alafia Damina Ayeni;ATP
Guto Miguel L.;Luis Guto Miguel;ATP
Miguel L.;Luis Guto Miguel;ATP
Fellin P.;Pietro Fellin;ATP
Maloney P.;Patrick Maloney;ATP
Oberleitner N.;Neil Oberleitner;ATP
Nikles J.;Johan Nikles;ATP
Da Silva D.;Daniel Dutra Da Silva;ATP
Dutra Da Silva D.;Daniel Dutra Da Silva;ATP
Silva D.;Daniel Dutra Da Silva;ATP
Poling K.;Karl Poling;ATP
Bicknell B.;Blaise Bicknell;ATP
Martin D.;Dan Martin;ATP
Hewitt C.;Cruz Hewitt;ATP
Hao Huang T.;Tsung Hao Huang;ATP
Huang T.;Tsung Hao Huang;ATP
Azkara A.;Arda Azkara;ATP
Gulin S.;Svyatoslav Gulin;ATP
Kumar Mukund S.;Sasi Kumar Mukund;ATP
Mukund S.;Sasi Kumar Mukund;ATP
Villanueva G.;Gonzalo Villanueva;ATP
Sels J.;Jelle Sels;ATP
Curbelo I.;Ivan Marrero Curbelo;ATP
Marrero Curbelo I.;Ivan Marrero Curbelo;ATP
Bigun K.;Kaylan Bigun;ATP
Wallin O.;Olle Wallin;ATP
Janvier M.;Maxime Janvier;ATP
Poullain L.;Lucas Poullain;ATP
Jasika O.;Omar Jasika;ATP
Strombachs R.;Robert Strombachs;ATP
Piraino G.;Gabriele Piraino;ATP
Emil Overbeck C.;Carl Emil Overbeck;ATP
Overbeck C.;Carl Emil Overbeck;ATP
Quilez A.;Alejo Sanchez Quilez;ATP
Sanchez Quilez A.;Alejo Sanchez Quilez;ATP
Samrej K.;Kasidit Samrej;ATP
Basile P.;Pierluigi Basile;ATP
Baadi T.;Taha Baadi;ATP
Sakamoto P.;Pedro Sakamoto;ATP
Alberto Caniato C.;Carlo Alberto Caniato;ATP
Caniato C.;Carlo Alberto Caniato;ATP
Barrera A.;Adria Soriano Barrera;ATP
Soriano Barrera A.;Adria Soriano Barrera;ATP
Alejandro Hernandez Serrano J.;Juan Alejandro Hernandez Serrano;ATP
Hernandez Serrano J.;Juan Alejandro Hernandez Serrano;ATP
Serrano J.;Juan Alejandro Hernandez Serrano;ATP
Magadan A.;Alan Magadan;ATP
Takahashi Y.;Yusuke Takahashi;ATP
Thanos A.;Aristotelis Thanos;ATP
Langmo C.;Christian Langmo;ATP
Hui Sin S.;San Hui Sin;ATP
Sin S.;San Hui Sin;ATP
Wiskandt M.;Max Wiskandt;ATP
Perot R.;Raphael Perot;ATP
Artnak B.;Bor Artnak;ATP
Alves M.;Mateus Alves;ATP
Honda N.;Naoya Honda;ATP
Shah A.;Aryan Shah;ATP
Peliwo F.;Filip Peliwo;ATP
Gomez J.;Juan Sebastian Gomez;ATP
Sebastian Gomez J.;Juan Sebastian Gomez;ATP
Tokuda R.;Renta Tokuda;ATP
Ursu V.;Vadym Ursu;ATP
Purtseladze S.;Saba Purtseladze;ATP
Joaquin Rodriguez L.;Lorenzo Joaquin Rodriguez;ATP
Rodriguez L.;Lorenzo Joaquin Rodriguez;ATP
Aguilar Cardozo J.;Joaquin  Aguilar Cardozo;ATP
Cardozo J.;Joaquin  Aguilar Cardozo;ATP
Palan D.;Dominik Palan;ATP
Bouzige M.;Moerani Bouzige;ATP
Isomura K.;Kokoro Isomura;ATP
Eduardo Schiessl J.;Joao Eduardo Schiessl;ATP
Schiessl J.;Joao Eduardo Schiessl;ATP
Maria Zarate C.;Carlos Maria Zarate;ATP
Zarate C.;Carlos Maria Zarate;ATP
Fenty A.;Andrew Fenty;ATP
Kestelboim M.;Mariano Kestelboim;ATP
Kang Leong M.;Mitsuki Wei Kang Leong;ATP
Leong M.;Mitsuki Wei Kang Leong;ATP
Wei Kang Leong M.;Mitsuki Wei Kang Leong;ATP
Castelnuovo L.;Luca Castelnuovo;ATP
Dickerson R.;Ryan Dickerson;ATP
Pereira T.;Tiago Pereira;ATP
Fernandez B.;Bruno Fernandez;ATP
Carboni L.;Lorenzo Carboni;ATP
Andre Saraiva Dos Santos P.;Paulo Andre Saraiva Dos Santos;ATP
Dos Santos P.;Paulo Andre Saraiva Dos Santos;ATP
Santos P.;Paulo Andre Saraiva Dos Santos;ATP
Saraiva Dos Santos P.;Paulo Andre Saraiva Dos Santos;ATP
Berkieta T.;Tomasz Berkieta;ATP
Singh K.;Karan Singh;ATP
Gima S.;Sebastian Gima;ATP
Delaney J.;Jake Delaney;ATP
Zeitune M.;Maximo Zeitune;ATP
De La Fuente S.;Santiago De La Fuente;ATP
Fuente S.;Santiago De La Fuente;ATP
La Fuente S.;Santiago De La Fuente;ATP
Sabalenka A.;Aryna Sabalenka;WTA
Rybakina E.;Elena Rybakina;WTA
Andreeva M.;Mirra Andreeva;WTA
Pegula J.;Jessica Pegula;WTA
Swiatek I.;Iga Swiatek;WTA
Gauff C.;Coco Gauff;WTA
Svitolina E.;Elina Svitolina;WTA
Kostyuk M.;Marta Kostyuk;WTA
Muchova K.;Karolina Muchova;WTA
Mboko V.;Victoria Mboko;WTA
Noskova L.;Linda Noskova;WTA
Bencic B.;Belinda Bencic;WTA
Osaka N.;Naomi Osaka;WTA
Keys M.;Madison Keys;WTA
Cirstea S.;Sorana Cirstea;WTA
Paolini J.;Jasmine Paolini;WTA
Kalinskaya A.;Anna Kalinskaya;WTA
Anisimova A.;Amanda Anisimova;WTA
Eala A.;Alexandra Eala;WTA
Shnaider D.;Diana Shnaider;WTA
Vondrousova M.;Marketa Vondrousova;WTA
Jovic I.;Iva Jovic;WTA
Potapova A.;Anastasia Potapova;WTA
Mertens E.;Elise Mertens;WTA
Krejcikova B.;Barbora Krejcikova;WTA
Pliskova K.;Karolina Pliskova;WTA
Kartal S.;Sonay Kartal;WTA
Bouzkova M.;Marie Bouzkova;WTA
Siniakova K.;Katerina Siniakova;WTA
Zheng Q.;Qinwen Zheng;WTA
Ostapenko J.;Jelena Ostapenko;WTA
Navarro E.;Emma Navarro;WTA
Baptiste H.;Hailey Baptiste;WTA
Boulter K.;Katie Boulter;WTA
Kudermetova V.;Veronika Kudermetova;WTA
Townsend T.;Taylor Townsend;WTA
Raducanu E.;Emma Raducanu;WTA
Cristian J.;Jaqueline Cristian;WTA
Linette M.;Magda Linette;WTA
Kalinina A.;Anhelina Kalinina;WTA
Alexandrova E.;Ekaterina Alexandrova;WTA
Valentova T.;Tereza Valentova;WTA
Osorio C.;Camila Osorio;WTA
Stearns P.;Peyton Stearns;WTA
Chwalinska M.;Maja Chwalinska;WTA
Cocciaretto E.;Elisabetta Cocciaretto;WTA
Mcnally C.;Caty Mcnally;WTA
Danilovic O.;Olga Danilovic;WTA
Li A.;Ann Li;WTA
Sakkari M.;Maria Sakkari;WTA
Oliynykova O.;Oleksandra Oliynykova;WTA
Gracheva V.;Varvara Gracheva;WTA
Vekic D.;Donna Vekic;WTA
Fernandez L.;Leylah Fernandez;WTA
Kasatkina D.;Daria Kasatkina;WTA
Putintseva Y.;Yulia Putintseva;WTA
Lys E.;Eva Lys;WTA
Yastremska D.;Dayana Yastremska;WTA
Masarova R.;Rebeka Masarova;WTA
Gabriela Ruse E.;Elena Gabriela Ruse;WTA
Ruse E.;Elena Gabriela Ruse;WTA
Sonmez Z.;Zeynep Sonmez;WTA
Bartunkova N.;Nikola Bartunkova;WTA
Volynets K.;Katie Volynets;WTA
Kessler M.;Mccartney Kessler;WTA
Krueger A.;Ashlyn Krueger;WTA
Badosa P.;Paula Badosa;WTA
Siegemund L.;Laura Siegemund;WTA
Starodubtseva Y.;Yuliia Starodubtseva;WTA
Tauson C.;Clara Tauson;WTA
Golubic V.;Viktorija Golubic;WTA
Pavlyuchenkova A.;Anastasia Pavlyuchenkova;WTA
Sierra S.;Solana Sierra;WTA
Snigur D.;Daria Snigur;WTA
Samsonova L.;Liudmila Samsonova;WTA
Bejlek S.;Sara Bejlek;WTA
Ruzic A.;Antonia Ruzic;WTA
Parry D.;Diane Parry;WTA
Wang X.;Xiyu Wang;WTA
Bondar A.;Anna Bondar;WTA
Montgomery R.;Robin Montgomery;WTA
Gibson T.;Talia Gibson;WTA
Yu Wang X.;Xin Yu Wang;WTA
Birrell K.;Kimberly Birrell;WTA
Quevedo K.;Kaitlin Quevedo;WTA
Sasnovich A.;Aliaksandra Sasnovich;WTA
Frech M.;Magdalena Frech;WTA
Boisson L.;Lois Boisson;WTA
Zhang S.;Shuai Zhang;WTA
Minnen G.;Greet Minnen;WTA
Tomljanovic A.;Ajla Tomljanovic;WTA
Kudermetova P.;Polina Kudermetova;WTA
Bucsa C.;Cristina Bucsa;WTA
Bouzas Maneiro J.;Jessica Bouzas Maneiro;WTA
Maneiro J.;Jessica Bouzas Maneiro;WTA
Tararudee L.;Lanlana Tararudee;WTA
Zakharova A.;Anastasia Zakharova;WTA
Andreescu B.;Bianca Andreescu;WTA
Sevastova A.;Anastasija Sevastova;WTA
Charaeva A.;Alina Charaeva;WTA
Samson L.;Laura Samson;WTA
Pohankova M.;Mia Pohankova;WTA
Timofeeva M.;Maria Timofeeva;WTA
Tagger L.;Lilli Tagger;WTA
Stakusic M.;Marina Stakusic;WTA
Rakhimova K.;Kamilla Rakhimova;WTA
Juvan K.;Kaja Juvan;WTA
Vandewinkel H.;Hanne Vandewinkel;WTA
Wang Y.;Yafan Wang;WTA
Kenin S.;Sofia Kenin;WTA
Korneeva A.;Alina Korneeva;WTA
Kraus S.;Sinja Kraus;WTA
Sawangkaew M.;Mananchaya Sawangkaew;WTA
Blinkova A.;Anna Blinkova;WTA
Marcinko P.;Petra Marcinko;WTA
Avanesyan E.;Elina Avanesyan;WTA
Zvonareva V.;Vera Zvonareva;WTA
Prozorova T.;Tatiana Prozorova;WTA
Hunter S.;Storm Hunter;WTA
Vidmanova D.;Darja Vidmanova;WTA
Teichmann J.;Jil Teichmann;WTA
Waltert S.;Simona Waltert;WTA
Liutova K.;Kristina Liutova;WTA
Uchijima M.;Moyuka Uchijima;WTA
Joint M.;Maya Joint;WTA
Naef C.;Celine Naef;WTA
Galfi D.;Dalma Galfi;WTA
Zarazua R.;Renata Zarazua;WTA
Korpatsch T.;Tamara Korpatsch;WTA
Zhu L.;Lin Zhu;WTA
Udvardy P.;Panna Udvardy;WTA
Dolehide C.;Caroline Dolehide;WTA
Caterina Grant T.;Tyra Caterina Grant;WTA
Grant T.;Tyra Caterina Grant;WTA
Jones E.;Emerson Jones;WTA
Vandromme J.;Jeline Vandromme;WTA
Tjen J.;Janice Tjen;WTA
Kawa K.;Katarzyna Kawa;WTA
Selekhmeteva O.;Oksana Selekhmeteva;WTA
Sorribes Tormo S.;Sara Sorribes Tormo;WTA
Tormo S.;Sara Sorribes Tormo;WTA
Zidansek T.;Tamara Zidansek;WTA
Parks A.;Alycia Parks;WTA
Ferro F.;Fiona Ferro;WTA
Stephens S.;Sloane Stephens;WTA
Semenistaja D.;Darja Semenistaja;WTA
Maria T.;Tatjana Maria;WTA
Williams V.;Venus Williams;WTA
Sherif M.;Mayar Sherif;WTA
Stoiana M.;Mary Stoiana;WTA
Jeanjean L.;Leolia Jeanjean;WTA
Podrez V.;Veronika Podrez;WTA
Alexia Todoni A.;Anca Alexia Todoni;WTA
Todoni A.;Anca Alexia Todoni;WTA
Yuan Y.;Yue Yuan;WTA
Liu C.;Claire Liu;WTA
Sramkova R.;Rebecca Sramkova;WTA
Garcia A.;Andrea Lazaro Garcia;WTA
Lazaro Garcia A.;Andrea Lazaro Garcia;WTA
Sun L.;Lulu Sun;WTA
Tomova V.;Viktoriya Tomova;WTA
Jones F.;Francesca Jones;WTA
Marino R.;Rebecca Marino;WTA
Iatcenko P.;Polina Iatcenko;WTA
Seidel E.;Ella Seidel;WTA
Erjavec V.;Veronika Erjavec;WTA
Akugue N.;Noma Noha Akugue;WTA
Noha Akugue N.;Noma Noha Akugue;WTA
Salkova D.;Dominika Salkova;WTA
Sakatsume H.;Himeno Sakatsume;WTA
Preston T.;Taylah Preston;WTA
Haddad Maia B.;Beatriz Haddad Maia;WTA
Maia B.;Beatriz Haddad Maia;WTA
Grabher J.;Julia Grabher;WTA
Jimenez Kasintseva V.;Victoria Jimenez Kasintseva;WTA
Kasintseva V.;Victoria Jimenez Kasintseva;WTA
Jacquemot E.;Elsa Jacquemot;WTA
Day K.;Kayla Day;WTA
Valdmannova V.;Vendula Valdmannova;WTA
Pigato L.;Lisa Pigato;WTA
Oktiabreva A.;Alisa Oktiabreva;WTA
Dart H.;Harriet Dart;WTA
Hon P.;Priscilla Hon;WTA
Gormaz L.;Leyre Romero Gormaz;WTA
Romero Gormaz L.;Leyre Romero Gormaz;WTA
Kubka M.;Martyna Kubka;WTA
Lamens S.;Suzan Lamens;WTA
Inglis M.;Maddison Inglis;WTA
Martincova T.;Tereza Martincova;WTA
De Reales G.;Guiomar Maristany Zuleta De Reales;WTA
Maristany Zuleta De Reales G.;Guiomar Maristany Zuleta De Reales;WTA
Reales G.;Guiomar Maristany Zuleta De Reales;WTA
Zuleta De Reales G.;Guiomar Maristany Zuleta De Reales;WTA
Arango E.;Emiliana Arango;WTA
Fruhvirtova L.;Linda Fruhvirtova;WTA
Branstine C.;Carson Branstine;WTA
Bronzetti L.;Lucia Bronzetti;WTA
Klimovicova L.;Linda Klimovicova;WTA
Urhobo A.;Akasha Urhobo;WTA
Guo H.;Hanyu Guo;WTA
Crawley F.;Fiona Crawley;WTA
Hercog P.;Polona Hercog;WTA
Bandecchi S.;Susan Bandecchi;WTA
Kalieva E.;Elvina Kalieva;WTA
Lepchenko V.;Varvara Lepchenko;WTA
Bai Z.;Zhuoxuan Bai;WTA
Fett J.;Jana Fett;WTA
Curmi F.;Francesca Curmi;WTA
Tan H.;Harmony Tan;WTA
Ponchet J.;Jessika Ponchet;WTA
Brengle M.;Madison Brengle;WTA
Ruggeri J.;Jennifer Ruggeri;WTA
Watson H.;Heather Watson;WTA
Gadecki O.;Olivia Gadecki;WTA
Jamrichova R.;Renata Jamrichova;WTA
Siskova A.;Anna Siskova;WTA
Hibino N.;Nao Hibino;WTA
Garland J.;Joanna Garland;WTA
Costoulas S.;Sofia Costoulas;WTA
Barthel M.;Mona Barthel;WTA
Lee C.;Carol Young Suh Lee;WTA
Suh Lee C.;Carol Young Suh Lee;WTA
Young Suh Lee C.;Carol Young Suh Lee;WTA
Havlickova L.;Lucie Havlickova;WTA
Bassols Ribera M.;Marina Bassols Ribera;WTA
Ribera M.;Marina Bassols Ribera;WTA
Yaneva E.;Elizara Yaneva;WTA
Swan K.;Katie Swan;WTA
Liang E.;En Shuo Liang;WTA
Shuo Liang E.;En Shuo Liang;WTA
Friedsam A.;Anna Lena Friedsam;WTA
Lena Friedsam A.;Anna Lena Friedsam;WTA
Andreeva E.;Erika Andreeva;WTA
Shymanovich I.;Iryna Shymanovich;WTA
Ito A.;Aoi Ito;WTA
Radivojevic L.;Lola Radivojevic;WTA
Koevermans A.;Anouk Koevermans;WTA
Urgesi F.;Federica Urgesi;WTA
Kinoshita H.;Hayu Kinoshita;WTA
Falei A.;Aliona Falei;WTA
Mandlik E.;Elizabeth Mandlik;WTA
Persson K.;Kajsa Rinaldo Persson;WTA
Rinaldo Persson K.;Kajsa Rinaldo Persson;WTA
Diyas Z.;Zarina Diyas;WTA
Broadus S.;Savannah Broadus;WTA
Riera J.;Julia Riera;WTA
Dodin O.;Oceane Dodin;WTA
Andrea Knutson G.;Gabriela Andrea Knutson;WTA
Knutson G.;Gabriela Andrea Knutson;WTA
Zavatska K.;Katarina Zavatska;WTA
Monnot A.;Amandine Monnot;WTA
Monnet C.;Carole Monnet;WTA
Avdeeva J.;Julia Avdeeva;WTA
Li Z.;Zongyu Li;WTA
Kostovic T.;Teodora Kostovic;WTA
Zaar L.;Lisa Zaar;WTA
Giovannini L.;Luisina Giovannini;WTA
Jorge F.;Francisca Jorge;WTA
Stefanini L.;Lucrezia Stefanini;WTA
Ku Y.;Yeon Woo Ku;WTA
Woo Ku Y.;Yeon Woo Ku;WTA
Rus A.;Arantxa Rus;WTA
Aksu A.;Ayla Aksu;WTA
Ortenzi J.;Jazmin Ortenzi;WTA
Brace C.;Cadence Brace;WTA
Pridankina E.;Elena Pridankina;WTA
Vickery S.;Sachia Vickery;WTA
Shubladze A.;Alexandra Shubladze;WTA
Stojsavljevic M.;Mika Stojsavljevic;WTA
Sharma A.;Astra Sharma;WTA
Astakhova D.;Darya Astakhova;WTA
Ngounoue C.;Clervie Ngounoue;WTA
Hennemann C.;Caijsa Wilda Hennemann;WTA
Wilda Hennemann C.;Caijsa Wilda Hennemann;WTA
Zolotareva R.;Rada Zolotareva;WTA
Bektas E.;Emina Bektas;WTA
Bolsova A.;Aliona Bolsova;WTA
Ibragimova A.;Alevtina Ibragimova;WTA
Pareja J.;Julieta Pareja;WTA
Ristic M.;Mia Ristic;WTA
Hruncakova V.;Viktoria Hruncakova;WTA
Scott K.;Katrina Scott;WTA
Gao X.;Xinyu Gao;WTA
Brancaccio N.;Nuria Brancaccio;WTA
Gasanova A.;Anastasia Gasanova;WTA
Alvarez E.;Eva Guerrero Alvarez;WTA
Guerrero Alvarez E.;Eva Guerrero Alvarez;WTA
Rajaonah T.;Tiantsoa Sarah Rakotomanga Rajaonah;WTA
Rakotomanga Rajaonah T.;Tiantsoa Sarah Rakotomanga Rajaonah;WTA
Sarah Rakotomanga Rajaonah T.;Tiantsoa Sarah Rakotomanga Rajaonah;WTA
Vedder E.;Eva Vedder;WTA
Ryser V.;Valentina Ryser;WTA
Bertea E.;Elena Ruxandra Bertea;WTA
Ruxandra Bertea E.;Elena Ruxandra Bertea;WTA
Osuigwe W.;Whitney Osuigwe;WTA
Aiava D.;Destanee Aiava;WTA
Klugman H.;Hannah Klugman;WTA
Tubello A.;Alice Tubello;WTA
Paquet C.;Chloe Paquet;WTA
De Stefano S.;Samira De Stefano;WTA
Stefano S.;Samira De Stefano;WTA
Burrage J.;Jodie Burrage;WTA
Pigossi L.;Laura Pigossi;WTA
Gorgodze E.;Ekaterine Gorgodze;WTA
Gjorcheska L.;Lina Gjorcheska;WTA
Bolkvadze M.;Mariam Bolkvadze;WTA
Tian F.;Fangran Tian;WTA
Rodionova A.;Arina Rodionova;WTA
Blokhina A.;Alexis Blokhina;WTA
Chirico L.;Louisa Chirico;WTA
Zolotareva A.;Anastasia Zolotareva;WTA
Wurth T.;Tara Wurth;WTA
Hontama M.;Mai Hontama;WTA
You X.;Xiaodi You;WTA
Kovackova J.;Jana Kovackova;WTA
Diatchenko V.;Vitalia Diatchenko;WTA
Soboleva A.;Anastasiya Soboleva;WTA
Papamichail D.;Despina Papamichail;WTA
Shibahara E.;Ena Shibahara;WTA
Ambrosio S.;Silvia Ambrosio;WTA
Dudeney A.;Alicia Dudeney;WTA
Trevisan M.;Martina Trevisan;WTA
Nguyen Tan L.;Lucie Nguyen Tan;WTA
Tan L.;Lucie Nguyen Tan;WTA
Ma Y.;Ye Xin Ma;WTA
Xin Ma Y.;Ye Xin Ma;WTA
Hartono A.;Arianne Hartono;WTA
Cabrera L.;Lizette Cabrera;WTA
Rosatello C.;Camilla Rosatello;WTA
Carle M.;Maria Lourdes Carle;WTA
Lourdes Carle M.;Maria Lourdes Carle;WTA
Nahimana S.;Sada Nahimana;WTA
Yao X.;Xinxin Yao;WTA
Chiesa D.;Deborah Chiesa;WTA
Yamaguchi M.;Mei Yamaguchi;WTA
Andrianjafitrimo T.;Tessah Andrianjafitrimo;WTA
Kabbaj Y.;Yasmine Kabbaj;WTA
Boluda A.;Angela Fita Boluda;WTA
Fita Boluda A.;Angela Fita Boluda;WTA
Janicijevic S.;Selena Janicijevic;WTA
Del Olmo A.;Ane Mintegi Del Olmo;WTA
Mintegi Del Olmo A.;Ane Mintegi Del Olmo;WTA
Olmo A.;Ane Mintegi Del Olmo;WTA
Cross K.;Kayla Cross;WTA
Mazzola A.;Alessandra Mazzola;WTA
Jorge M.;Matilde Jorge;WTA
Okamura K.;Kyoka Okamura;WTA
Kiara Toth A.;Amarissa Kiara Toth;WTA
Toth A.;Amarissa Kiara Toth;WTA
Uebelhoer C.;Caroline Uebelhoer;WTA
Wolff V.;Vivian Wolff;WTA
Mcdonald E.;Ella Mcdonald;WTA
Banks A.;Amarni Banks;WTA
Reyngold E.;Ekaterina Reyngold;WTA
Rouvroy M.;Margaux Rouvroy;WTA
Kaji H.;Haruka Kaji;WTA
Kulikova A.;Anastasia Kulikova;WTA
Wei S.;Sijia Wei;WTA
Xu M.;Mingge Xu;WTA
Niemeier J.;Jule Niemeier;WTA
Encheva L.;Lidia Encheva;WTA
Sebov K.;Katherine Sebov;WTA
Voloshchuk A.;Angelina Voloshchuk;WTA
Deichmann K.;Kathinka Von Deichmann;WTA
Von Deichmann K.;Kathinka Von Deichmann;WTA
Hesse A.;Amandine Hesse;WTA
Panshina V.;Varvara Panshina;WTA
Popa M.;Maria Sara Popa;WTA
Sara Popa M.;Maria Sara Popa;WTA
Diaz N.;Nuria Parrizas Diaz;WTA
Parrizas Diaz N.;Nuria Parrizas Diaz;WTA
Boskovic L.;Lea Boskovic;WTA
Malygina E.;Elena Malygina;WTA
Belgraver J.;Julie Belgraver;WTA
Struplova J.;Julie Struplova;WTA
Kulambayeva Z.;Zhibek Kulambayeva;WTA
Nadine Smith T.;Tina Nadine Smith;WTA
Smith T.;Tina Nadine Smith;WTA
Matoula M.;Martha Matoula;WTA
Burillo Escorihuela I.;Irene Burillo Escorihuela;WTA
Escorihuela I.;Irene Burillo Escorihuela;WTA
Feistel G.;Gina Feistel;WTA
Cengiz B.;Berfu Cengiz;WTA
Schunk N.;Nastasja Schunk;WTA
Zhao C.;Carol Zhao;WTA
Peeters A.;Anouck Vrancken Peeters;WTA
Vrancken Peeters A.;Anouck Vrancken Peeters;WTA
Rapolu M.;Malaika Rapolu;WTA
Abe H.;Hiromi Abe;WTA
Ekstrand M.;Monika Ekstrand;WTA
Lansere S.;Sofya Lansere;WTA
Saito S.;Sara Saito;WTA
Morvayova V.;Viktoria Morvayova;WTA
Park S.;Sohyun Park;WTA
Akli A.;Ayana Akli;WTA
Bianca Bulgaru M.;Miriam Bianca Bulgaru;WTA
Bulgaru M.;Miriam Bianca Bulgaru;WTA
Albon Y.;Ylena In Albon;WTA
In Albon Y.;Ylena In Albon;WTA
Jakupovic D.;Dalila Jakupovic;WTA
Miyazaki Y.;Yuriko Miyazaki;WTA
Ishii S.;Sayaka Ishii;WTA
Brockmann T.;Tessa Johanna Brockmann;WTA
Johanna Brockmann T.;Tessa Johanna Brockmann;WTA
Cayetano E.;Eryn Cayetano;WTA
Ma L.;Lea Ma;WTA
Jang S.;Su Jeong Jang;WTA
Jeong Jang S.;Su Jeong Jang;WTA
Kuramochi M.;Miho Kuramochi;WTA
Naito Y.;Yuki Naito;WTA
Bennemann E.;Eva Bennemann;WTA
Glushko L.;Lina Glushko;WTA
Oz I.;Ipek Oz;WTA
Spiteri D.;Dalila Spiteri;WTA
Kazionova E.;Ekaterina Kazionova;WTA
Lee G.;Gabriela Lee;WTA
Palicova B.;Barbora Palicova;WTA
Yang Y.;Yidi Yang;WTA
Sidorova K.;Kristiana Sidorova;WTA
Matsuda M.;Misaki Matsuda;WTA
Koike E.;Ena Koike;WTA
Capurro Taborda M.;Martina Capurro Taborda;WTA
Taborda M.;Martina Capurro Taborda;WTA
Pieri T.;Tatiana Pieri;WTA
Elizabeth Reasco Gonzalez M.;Mell Elizabeth Reasco Gonzalez;WTA
Gonzalez M.;Mell Elizabeth Reasco Gonzalez;WTA
Reasco Gonzalez M.;Mell Elizabeth Reasco Gonzalez;WTA
Arconada U.;Usue Maitane Arconada;WTA
Maitane Arconada U.;Usue Maitane Arconada;WTA
Ren Y.;Yufei Ren;WTA
Kawaguchi N.;Natsumi Kawaguchi;WTA
Yamalapalli S.;Sahaja Yamalapalli;WTA
Kladivova A.;Aneta Kladivova;WTA
Hosogi S.;Sakura Hosogi;WTA
Mikulskyte J.;Justina Mikulskyte;WTA
Rodriguez V.;Victoria Rodriguez;WTA
Serban R.;Raluka Serban;WTA
Lukas T.;Tena Lukas;WTA
Basiletti N.;Noemi Basiletti;WTA
Ansari C.;Carolyn Ansari;WTA
Inoue H.;Hina Inoue;WTA
Kobori M.;Momoko Kobori;WTA
Dencheva R.;Rositsa Dencheva;WTA
Chang H.;Hanna Chang;WTA
Bains N.;Naiktha Bains;WTA
Rivera A.;Antonia Vergara Rivera;WTA
Vergara Rivera A.;Antonia Vergara Rivera;WTA
Granwehr A.;Alina Granwehr;WTA
Stankovic A.;Anja Stankovic;WTA
Akua Stoiber R.;Ranah Akua Stoiber;WTA
Stoiber R.;Ranah Akua Stoiber;WTA
Mair L.;Laura Mair;WTA
Tikhonova A.;Anastasia Tikhonova;WTA
Shimizu A.;Ayano Shimizu;WTA
Kuzmova K.;Katarina Kuzmova;WTA
Shinikova I.;Isabella Shinikova;WTA
Shaikh H.;Hibah Shaikh;WTA
Leonard M.;Manon Leonard;WTA
Jing Lu J.;Jia Jing Lu;WTA
Lu J.;Jia Jing Lu;WTA
Sanchez A.;Ana Sofia Sanchez;WTA
Sofia Sanchez A.;Ana Sofia Sanchez;WTA
Rocchetti S.;Sofia Rocchetti;WTA
Maklakova E.;Ekaterina Maklakova;WTA
Giavara H.;Haley Giavara;WTA
Rame A.;Alice Rame;WTA
Abbagnato A.;Anastasia Abbagnato;WTA
Imamura S.;Saki Imamura;WTA
Lollia M.;Mathilde Lollia;WTA
Pedone G.;Georgia Pedone;WTA
Lim J.;Jenny Lim;WTA
Hodzic M.;Mina Hodzic;WTA
Cherubini D.;Diletta Cherubini;WTA
Pieri J.;Jessica Pieri;WTA
Ce G.;Gabriela Ce;WTA
Cirez C.;Carlota Martinez Cirez;WTA
Martinez Cirez C.;Carlota Martinez Cirez;WTA
Dittmann G.;Gina Marie Dittmann;WTA
Marie Dittmann G.;Gina Marie Dittmann;WTA
Kolodynska J.;Jana Kolodynska;WTA
Buyukakcay C.;Cagla Buyukakcay;WTA
Topalova G.;Gergana Topalova;WTA
Ewald W.;Weronika Ewald;WTA
Zheng W.;Wushuang Zheng;WTA
Huang Y.;Yujia Huang;WTA
Fiquet T.;Tiphanie Fiquet;WTA
Pawlikowska Z.;Zuzanna Pawlikowska;WTA
Hietaranta L.;Laura Hietaranta;WTA
Cortez Llorca L.;Lucia Cortez Llorca;WTA
Llorca L.;Lucia Cortez Llorca;WTA
Adkar V.;Vaishnavi Adkar;WTA
Lee E.;Eunhye Lee;WTA
Cody Wong H.;Hong Yi Cody Wong;WTA
Wong H.;Hong Yi Cody Wong;WTA
Yi Cody Wong H.;Hong Yi Cody Wong;WTA
Amariei I.;Ilinca Dalina Amariei;WTA
Dalina Amariei I.;Ilinca Dalina Amariei;WTA
Markus C.;Carla Markus;WTA
Lodikova D.;Daria Lodikova;WTA
Saigo R.;Rina Saigo;WTA
Berecoechea N.;Nahia Berecoechea;WTA
Ovcharenko E.;Ekaterina Ovcharenko;WTA
Micic E.;Elena Micic;WTA
Herrero Linana A.;Alicia Herrero Linana;WTA
Linana A.;Alicia Herrero Linana;WTA
Mansouri Y.;Yasmine Mansouri;WTA
Okalova M.;Martina Okalova;WTA
Zantedeschi A.;Aurora Zantedeschi;WTA
Dunne K.;Katy Dunne;WTA
Karatancheva L.;Lia Karatancheva;WTA
Guo M.;Meiqi Guo;WTA
Nepliy E.;Elina Nepliy;WTA
Martynov D.;Diana Martynov;WTA
Pavlova K.;Kira Pavlova;WTA
Alves C.;Carolina Alves;WTA
Prisacariu A.;Andreea Prisacariu;WTA
Adrover C.;Cristina Diaz Adrover;WTA
Diaz Adrover C.;Cristina Diaz Adrover;WTA
Grammatikopoulou V.;Valentini Grammatikopoulou;WTA
Foon A.;Astrid Lew Yan Foon;WTA
Lew Yan Foon A.;Astrid Lew Yan Foon;WTA
Yan Foon A.;Astrid Lew Yan Foon;WTA
Kozyreva M.;Maria Kozyreva;WTA
Glushkova D.;Denislava Glushkova;WTA
Cabezas Dominguez S.;Sofia Elena Cabezas Dominguez;WTA
Dominguez S.;Sofia Elena Cabezas Dominguez;WTA
Elena Cabezas Dominguez S.;Sofia Elena Cabezas Dominguez;WTA
Andreea Craciun G.;Georgia Andreea Craciun;WTA
Craciun G.;Georgia Andreea Craciun;WTA
Rogers A.;Anna Sinclair Rogers;WTA
Sinclair Rogers A.;Anna Sinclair Rogers;WTA
Bhatia R.;Riya Bhatia;WTA
Mcadoo R.;Rasheeda Mcadoo;WTA
Appleton E.;Emily Appleton;WTA
Colmegna M.;Martina Colmegna;WTA
Tona M.;Miriana Tona;WTA
Arseneault A.;Ariana Arseneault;WTA
Robbe A.;Alice Robbe;WTA
Radwanska U.;Urszula Radwanska;WTA
Kung L.;Leonie Kung;WTA
Zhang Y.;Ying Zhang;WTA
Zelnickova R.;Radka Zelnickova;WTA
Martinez Vaquero M.;Maria Martinez Vaquero;WTA
Vaquero M.;Maria Martinez Vaquero;WTA
Wang J.;Jiaqi Wang;WTA
Bosio V.;Victoria Bosio;WTA
Pastikova J.;Julie Pastikova;WTA
Bagaric L.;Lucija Ciric Bagaric;WTA
Ciric Bagaric L.;Lucija Ciric Bagaric;WTA
Falkowska W.;Weronika Falkowska;WTA
Plipuech P.;Peangtarn Plipuech;WTA
Raina A.;Ankita Raina;WTA
Smith A.;Alana Smith;WTA
Zaytseva K.;Ksenia Zaytseva;WTA
Madelyn Nugroho P.;Priska Madelyn Nugroho;WTA
Nugroho P.;Priska Madelyn Nugroho;WTA
Shimizu E.;Eri Shimizu;WTA
Kotliar Y.;Yelyzaveta Kotliar;WTA
Gimbrere J.;Jasmijn Gimbrere;WTA
Sieg M.;Madison Sieg;WTA
Vargova N.;Nina Vargova;WTA
Rajecki A.;Amelia Rajecki;WTA
Seibold E.;Emily Seibold;WTA
Cakarevic S.;Sara Cakarevic;WTA
Shi H.;Han Shi;WTA
Schmidt A.;Antonia Schmidt;WTA
Koshiishi A.;Ayumi Koshiishi;WTA
Paganetti V.;Vittoria Paganetti;WTA
Laboutkova A.;Aneta Laboutkova;WTA
Iliev S.;Sarah Iliev;WTA
Barbulescu B.;Bianca Elena Barbulescu;WTA
Elena Barbulescu B.;Bianca Elena Barbulescu;WTA
Candiotto A.;Ana Candiotto;WTA
Fossa Huergo N.;Nicole Fossa Huergo;WTA
Huergo N.;Nicole Fossa Huergo;WTA
Tsygourova K.;Katerina Tsygourova;WTA
Yamazaki I.;Ikumi Yamazaki;WTA
Otzipka J.;Jana Otzipka;WTA
Maria Serban I.;Isabella Maria Serban;WTA
Serban I.;Isabella Maria Serban;WTA
Bartashevich Y.;Yaroslava Bartashevich;WTA
Jokic K.;Katarina Jokic;WTA
Radisic N.;Nika Radisic;WTA
Szabo B.;Briana Szabo;WTA
Da Silva Fick G.;Gabriella Da Silva Fick;WTA
Fick G.;Gabriella Da Silva Fick;WTA
Silva Fick G.;Gabriella Da Silva Fick;WTA
Hu V.;Victoria Hu;WTA
Shapatava S.;Sofia Shapatava;WTA
Tran L.;Lian Tran;WTA
Szostak M.;Marine Szostak;WTA
Novak K.;Kristina Novak;WTA
Strakhova V.;Valeriya Strakhova;WTA
Meliss V.;Verena Meliss;WTA
Allen V.;Victoria Allen;WTA
Sakellaridi S.;Sapfo Sakellaridi;WTA
Yuan C.;Chengyiyi Yuan;WTA
Kolb N.;Nadiia Kolb;WTA
Rey Garcia A.;Alba Rey Garcia;WTA
Tran D.;Demi Tran;WTA
Filipa Santos A.;Ana Filipa Santos;WTA
Santos A.;Ana Filipa Santos;WTA
Aikawa M.;Mayuka Aikawa;WTA
Schoppe E.;Ellie Schoppe;WTA
Lopez Martinez C.;Carmen Lopez Martinez;WTA
Martinez C.;Carmen Lopez Martinez;WTA
Zhu C.;Chenting Zhu;WTA
Zhu A.;Amy Zhu;WTA
Lanca S.;Sara Lanca;WTA
